Conheça como foi o processo participativo do Novo Plano Nacional de Cultura,Aracaju - Sergipe (SE),Auditório MPT-SE,0,Auditório,Não informado,22/10/2024 08:00,"['https://brasilparticipativo.presidencia.gov.br/processes/planocultura/f/287/proposals/21633', 'https://brasilparticipativo.presidencia.gov.br/processes/planocultura/f/287/proposals/21615', 'https://brasilparticipativo.presidencia.gov.br/processes/planocultura/f/287/proposals/21616', 'https://brasilparticipativo.presidencia.gov.br/processes/planocultura/f/287/proposals/21620', 'https://brasilparticipativo.presidencia.gov.br/processes/planocultura/f/287/proposals/21623', 'https://brasilparticipativo.presidencia.gov.br/processes/planocultura/f/287/proposals/21625', 'https://brasilparticipativo.presidencia.gov.br/processes/planocultura/f/287/proposals/21629', 'https://brasilparticipativo.presidencia.gov.br/processes/planocultura/f/287/proposals/21630', 'https://brasilparticipativo.presidencia.gov.br/processes/planocultura/f/287/proposals/21632', 'https://brasilparticipativo.presidencia.gov.br/processes/planocultura/f/287/proposals/21638', 'https://brasilparticipativo.presidencia.gov.br/processes/planocultura/f/287/proposals/21641', 'https://brasilparticipativo.presidencia.gov.br/processes/planocultura/f/287/proposals/21624', 'https://brasilparticipativo.presidencia.gov.br/processes/planocultura/f/287/proposals/21636', 'https://brasilparticipativo.presidencia.gov.br/processes/planocultura/f/287/proposals/21618', 'https://brasilparticipativo.presidencia.gov.br/processes/planocultura/f/287/proposals/21621', 'https://brasilparticipativo.presidencia.gov.br/processes/planocultura/f/287/proposals/21635', 'https://brasilparticipativo.presidencia.gov.br/processes/planocultura/f/287/proposals/21637', 'https://brasilparticipativo.presidencia.gov.br/processes/planocultura/f/287/proposals/21631', 'https://brasilparticipativo.presidencia.gov.br/processes/planocultura/f/287/proposals/21617', 'https://brasilparticipativo.presidencia.gov.br/processes/planocultura/f/287/proposals/21619', 'https://brasilparticipativo.presidencia.gov.br/processes/planocultura/f/287/proposals/21639', 'https://brasilparticipativo.presidencia.gov.br/processes/planocultura/f/287/proposals/21634', 'https://brasilparticipativo.presidencia.gov.br/processes/planocultura/f/287/proposals/21640', 'https://brasilparticipativo.presidencia.gov.br/processes/planocultura/f/287/proposals/21622']",24
Conheça como foi o processo participativo do Novo Plano Nacional de Cultura,Belém - Pará (PA),Local em confirmação,0,Pará,Não informado,06/11/2024 09:00,"['https://brasilparticipativo.presidencia.gov.br/processes/planocultura/f/287/proposals/28268', 'https://brasilparticipativo.presidencia.gov.br/processes/planocultura/f/287/proposals/28263', 'https://brasilparticipativo.presidencia.gov.br/processes/planocultura/f/287/proposals/28264', 'https://brasilparticipativo.presidencia.gov.br/processes/planocultura/f/287/proposals/28265', 'https://brasilparticipativo.presidencia.gov.br/processes/planocultura/f/287/proposals/28267', 'https://brasilparticipativo.presidencia.gov.br/processes/planocultura/f/287/proposals/28266', 'https://brasilparticipativo.presidencia.gov.br/processes/planocultura/f/287/proposals/28270', 'https://brasilparticipativo.presidencia.gov.br/processes/planocultura/f/287/proposals/28271', 'https://brasilparticipativo.presidencia.gov.br/processes/planocultura/f/287/proposals/28272', 'https://brasilparticipativo.presidencia.gov.br/processes/planocultura/f/287/proposals/28273', 'https://brasilparticipativo.presidencia.gov.br/processes/planocultura/f/287/proposals/28274', 'https://brasilparticipativo.presidencia.gov.br/processes/planocultura/f/287/proposals/28275', 'https://brasilparticipativo.presidencia.gov.br/processes/planocultura/f/287/proposals/28269']",13
Conheça como foi o processo participativo do Novo Plano Nacional de Cultura,Belo Horizonte - Minas Gerais (MG),Local em confirmação,0,Minas,Não informado,29/11/2024 09:00,"['https://brasilparticipativo.presidencia.gov.br/processes/planocultura/f/287/proposals/31244', 'https://brasilparticipativo.presidencia.gov.br/processes/planocultura/f/287/proposals/31247', 'https://brasilparticipativo.presidencia.gov.br/processes/planocultura/f/287/proposals/31249', 'https://brasilparticipativo.presidencia.gov.br/processes/planocultura/f/287/proposals/31252', 'https://brasilparticipativo.presidencia.gov.br/processes/planocultura/f/287/proposals/31245', 'https://brasilparticipativo.presidencia.gov.br/processes/planocultura/f/287/proposals/31489', 'https://brasilparticipativo.presidencia.gov.br/processes/planocultura/f/287/proposals/31490', 'https://brasilparticipativo.presidencia.gov.br/processes/planocultura/f/287/proposals/31491', 'https://brasilparticipativo.presidencia.gov.br/processes/planocultura/f/287/proposals/31492', 'https://brasilparticipativo.presidencia.gov.br/processes/planocultura/f/287/proposals/31493', 'https://brasilparticipativo.presidencia.gov.br/processes/planocultura/f/287/proposals/31494', 'https://brasilparticipativo.presidencia.gov.br/processes/planocultura/f/287/proposals/31495', 'https://brasilparticipativo.presidencia.gov.br/processes/planocultura/f/287/proposals/31496', 'https://brasilparticipativo.presidencia.gov.br/processes/planocultura/f/287/proposals/31497', 'https://brasilparticipativo.presidencia.gov.br/processes/planocultura/f/287/proposals/31251', 'https://brasilparticipativo.presidencia.gov.br/processes/planocultura/f/287/proposals/31241', 'https://brasilparticipativo.presidencia.gov.br/processes/planocultura/f/287/proposals/31248', 'https://brasilparticipativo.presidencia.gov.br/processes/planocultura/f/287/proposals/31176', 'https://brasilparticipativo.presidencia.gov.br/processes/planocultura/f/287/proposals/31177', 'https://brasilparticipativo.presidencia.gov.br/processes/planocultura/f/287/proposals/31170', 'https://brasilparticipativo.presidencia.gov.br/processes/planocultura/f/287/proposals/31171', 'https://brasilparticipativo.presidencia.gov.br/processes/planocultura/f/287/proposals/31172', 'https://brasilparticipativo.presidencia.gov.br/processes/planocultura/f/287/proposals/31173', 'https://brasilparticipativo.presidencia.gov.br/processes/planocultura/f/287/proposals/31174', 'https://brasilparticipativo.presidencia.gov.br/processes/planocultura/f/287/proposals/31175', 'https://brasilparticipativo.presidencia.gov.br/processes/planocultura/f/287/proposals/31178', 'https://brasilparticipativo.presidencia.gov.br/processes/planocultura/f/287/proposals/31242', 'https://brasilparticipativo.presidencia.gov.br/processes/planocultura/f/287/proposals/31243', 'https://brasilparticipativo.presidencia.gov.br/processes/planocultura/f/287/proposals/31250', 'https://brasilparticipativo.presidencia.gov.br/processes/planocultura/f/287/proposals/31246']",30
Conheça como foi o processo participativo do Novo Plano Nacional de Cultura,Boa Vista - Roraima (RR),Local em confirmação,0,Roraima,Não informado,18/11/2024 09:00,"['https://brasilparticipativo.presidencia.gov.br/processes/planocultura/f/287/proposals/31236', 'https://brasilparticipativo.presidencia.gov.br/processes/planocultura/f/287/proposals/31501', 'https://brasilparticipativo.presidencia.gov.br/processes/planocultura/f/287/proposals/31505', 'https://brasilparticipativo.presidencia.gov.br/processes/planocultura/f/287/proposals/31499', 'https://brasilparticipativo.presidencia.gov.br/processes/planocultura/f/287/proposals/31507', 'https://brasilparticipativo.presidencia.gov.br/processes/planocultura/f/287/proposals/31500', 'https://brasilparticipativo.presidencia.gov.br/processes/planocultura/f/287/proposals/31502', 'https://brasilparticipativo.presidencia.gov.br/processes/planocultura/f/287/proposals/31503', 'https://brasilparticipativo.presidencia.gov.br/processes/planocultura/f/287/proposals/31506', 'https://brasilparticipativo.presidencia.gov.br/processes/planocultura/f/287/proposals/31508', 'https://brasilparticipativo.presidencia.gov.br/processes/planocultura/f/287/proposals/31509', 'https://brasilparticipativo.presidencia.gov.br/processes/planocultura/f/287/proposals/31510', 'https://brasilparticipativo.presidencia.gov.br/processes/planocultura/f/287/proposals/31511', 'https://brasilparticipativo.presidencia.gov.br/processes/planocultura/f/287/proposals/31498', 'https://brasilparticipativo.presidencia.gov.br/processes/planocultura/f/287/proposals/31240', 'https://brasilparticipativo.presidencia.gov.br/processes/planocultura/f/287/proposals/31216', 'https://brasilparticipativo.presidencia.gov.br/processes/planocultura/f/287/proposals/31224', 'https://brasilparticipativo.presidencia.gov.br/processes/planocultura/f/287/proposals/31217', 'https://brasilparticipativo.presidencia.gov.br/processes/planocultura/f/287/proposals/31218', 'https://brasilparticipativo.presidencia.gov.br/processes/planocultura/f/287/proposals/31504', 'https://brasilparticipativo.presidencia.gov.br/processes/planocultura/f/287/proposals/31219', 'https://brasilparticipativo.presidencia.gov.br/processes/planocultura/f/287/proposals/31220', 'https://brasilparticipativo.presidencia.gov.br/processes/planocultura/f/287/proposals/31234', 'https://brasilparticipativo.presidencia.gov.br/processes/planocultura/f/287/proposals/31221', 'https://brasilparticipativo.presidencia.gov.br/processes/planocultura/f/287/proposals/31222', 'https://brasilparticipativo.presidencia.gov.br/processes/planocultura/f/287/proposals/31223', 'https://brasilparticipativo.presidencia.gov.br/processes/planocultura/f/287/proposals/31225', 'https://brasilparticipativo.presidencia.gov.br/processes/planocultura/f/287/proposals/31226', 'https://brasilparticipativo.presidencia.gov.br/processes/planocultura/f/287/proposals/31227', 'https://brasilparticipativo.presidencia.gov.br/processes/planocultura/f/287/proposals/31228', 'https://brasilparticipativo.presidencia.gov.br/processes/planocultura/f/287/proposals/31229', 'https://brasilparticipativo.presidencia.gov.br/processes/planocultura/f/287/proposals/31230', 'https://brasilparticipativo.presidencia.gov.br/processes/planocultura/f/287/proposals/31231', 'https://brasilparticipativo.presidencia.gov.br/processes/planocultura/f/287/proposals/31232', 'https://brasilparticipativo.presidencia.gov.br/processes/planocultura/f/287/proposals/31239', 'https://brasilparticipativo.presidencia.gov.br/processes/planocultura/f/287/proposals/31238', 'https://brasilparticipativo.presidencia.gov.br/processes/planocultura/f/287/proposals/31235', 'https://brasilparticipativo.presidencia.gov.br/processes/planocultura/f/287/proposals/31233', 'https://brasilparticipativo.presidencia.gov.br/processes/planocultura/f/287/proposals/31237']",39
Conheça como foi o processo participativo do Novo Plano Nacional de Cultura,Brasília - Distrito Federal (DF),Sesi Lab,0,Sesi Lab,Não informado,Outubro 2024 08:00 às 18:00,"['https://brasilparticipativo.presidencia.gov.br/processes/planocultura/f/287/proposals/20655', 'https://brasilparticipativo.presidencia.gov.br/processes/planocultura/f/287/proposals/20654', 'https://brasilparticipativo.presidencia.gov.br/processes/planocultura/f/287/proposals/20620', 'https://brasilparticipativo.presidencia.gov.br/processes/planocultura/f/287/proposals/20668', 'https://brasilparticipativo.presidencia.gov.br/processes/planocultura/f/287/proposals/20661', 'https://brasilparticipativo.presidencia.gov.br/processes/planocultura/f/287/proposals/20653', 'https://brasilparticipativo.presidencia.gov.br/processes/planocultura/f/287/proposals/20656', 'https://brasilparticipativo.presidencia.gov.br/processes/planocultura/f/287/proposals/20657', 'https://brasilparticipativo.presidencia.gov.br/processes/planocultura/f/287/proposals/20666', 'https://brasilparticipativo.presidencia.gov.br/processes/planocultura/f/287/proposals/20659', 'https://brasilparticipativo.presidencia.gov.br/processes/planocultura/f/287/proposals/20651', 'https://brasilparticipativo.presidencia.gov.br/processes/planocultura/f/287/proposals/20652', 'https://brasilparticipativo.presidencia.gov.br/processes/planocultura/f/287/proposals/20665', 'https://brasilparticipativo.presidencia.gov.br/processes/planocultura/f/287/proposals/20662', 'https://brasilparticipativo.presidencia.gov.br/processes/planocultura/f/287/proposals/20670', 'https://brasilparticipativo.presidencia.gov.br/processes/planocultura/f/287/proposals/20658', 'https://brasilparticipativo.presidencia.gov.br/processes/planocultura/f/287/proposals/20650', 'https://brasilparticipativo.presidencia.gov.br/processes/planocultura/f/287/proposals/20660', 'https://brasilparticipativo.presidencia.gov.br/processes/planocultura/f/287/proposals/20673', 'https://brasilparticipativo.presidencia.gov.br/processes/planocultura/f/287/proposals/20669', 'https://brasilparticipativo.presidencia.gov.br/processes/planocultura/f/287/proposals/20648', 'https://brasilparticipativo.presidencia.gov.br/processes/planocultura/f/287/proposals/20667', 'https://brasilparticipativo.presidencia.gov.br/processes/planocultura/f/287/proposals/20672', 'https://brasilparticipativo.presidencia.gov.br/processes/planocultura/f/287/proposals/20649', 'https://brasilparticipativo.presidencia.gov.br/processes/planocultura/f/287/proposals/20671', 'https://brasilparticipativo.presidencia.gov.br/processes/planocultura/f/287/proposals/20664', 'https://brasilparticipativo.presidencia.gov.br/processes/planocultura/f/287/proposals/20663', 'https://brasilparticipativo.presidencia.gov.br/processes/planocultura/f/287/proposals/28813']",28
Conheça como foi o processo participativo do Novo Plano Nacional de Cultura,Campo Grande - Mato Grosso do Sul (MS),Centro Cultural José Octávio Guizzo/ FCMS,0,Centro Cultural,Não informado,08/10/2024 08:00,"['https://brasilparticipativo.presidencia.gov.br/processes/planocultura/f/287/proposals/21563', 'https://brasilparticipativo.presidencia.gov.br/processes/planocultura/f/287/proposals/21564', 'https://brasilparticipativo.presidencia.gov.br/processes/planocultura/f/287/proposals/21567', 'https://brasilparticipativo.presidencia.gov.br/processes/planocultura/f/287/proposals/21556', 'https://brasilparticipativo.presidencia.gov.br/processes/planocultura/f/287/proposals/21573', 'https://brasilparticipativo.presidencia.gov.br/processes/planocultura/f/287/proposals/21566', 'https://brasilparticipativo.presidencia.gov.br/processes/planocultura/f/287/proposals/21568', 'https://brasilparticipativo.presidencia.gov.br/processes/planocultura/f/287/proposals/21570', 'https://brasilparticipativo.presidencia.gov.br/processes/planocultura/f/287/proposals/21558', 'https://brasilparticipativo.presidencia.gov.br/processes/planocultura/f/287/proposals/21562', 'https://brasilparticipativo.presidencia.gov.br/processes/planocultura/f/287/proposals/21572', 'https://brasilparticipativo.presidencia.gov.br/processes/planocultura/f/287/proposals/21565', 'https://brasilparticipativo.presidencia.gov.br/processes/planocultura/f/287/proposals/21557', 'https://brasilparticipativo.presidencia.gov.br/processes/planocultura/f/287/proposals/21560', 'https://brasilparticipativo.presidencia.gov.br/processes/planocultura/f/287/proposals/21561', 'https://brasilparticipativo.presidencia.gov.br/processes/planocultura/f/287/proposals/21569', 'https://brasilparticipativo.presidencia.gov.br/processes/planocultura/f/287/proposals/21559']",17
Conheça como foi o processo participativo do Novo Plano Nacional de Cultura,Cuiabá - Mato Grosso (MT),Local em confirmação,0,Mato Grosso,Não informado,28/11/2024 09:00,"['https://brasilparticipativo.presidencia.gov.br/processes/planocultura/f/287/proposals/28789', 'https://brasilparticipativo.presidencia.gov.br/processes/planocultura/f/287/proposals/28793', 'https://brasilparticipativo.presidencia.gov.br/processes/planocultura/f/287/proposals/28795', 'https://brasilparticipativo.presidencia.gov.br/processes/planocultura/f/287/proposals/28797', 'https://brasilparticipativo.presidencia.gov.br/processes/planocultura/f/287/proposals/28811', 'https://brasilparticipativo.presidencia.gov.br/processes/planocultura/f/287/proposals/28794', 'https://brasilparticipativo.presidencia.gov.br/processes/planocultura/f/287/proposals/28800', 'https://brasilparticipativo.presidencia.gov.br/processes/planocultura/f/287/proposals/28817', 'https://brasilparticipativo.presidencia.gov.br/processes/planocultura/f/287/proposals/28803', 'https://brasilparticipativo.presidencia.gov.br/processes/planocultura/f/287/proposals/28820', 'https://brasilparticipativo.presidencia.gov.br/processes/planocultura/f/287/proposals/28805', 'https://brasilparticipativo.presidencia.gov.br/processes/planocultura/f/287/proposals/28822', 'https://brasilparticipativo.presidencia.gov.br/processes/planocultura/f/287/proposals/28824', 'https://brasilparticipativo.presidencia.gov.br/processes/planocultura/f/287/proposals/28816', 'https://brasilparticipativo.presidencia.gov.br/processes/planocultura/f/287/proposals/28809', 'https://brasilparticipativo.presidencia.gov.br/processes/planocultura/f/287/proposals/28785', 'https://brasilparticipativo.presidencia.gov.br/processes/planocultura/f/287/proposals/28798', 'https://brasilparticipativo.presidencia.gov.br/processes/planocultura/f/287/proposals/28807', 'https://brasilparticipativo.presidencia.gov.br/processes/planocultura/f/287/proposals/28826', 'https://brasilparticipativo.presidencia.gov.br/processes/planocultura/f/287/proposals/28801', 'https://brasilparticipativo.presidencia.gov.br/processes/planocultura/f/287/proposals/28808', 'https://brasilparticipativo.presidencia.gov.br/processes/planocultura/f/287/proposals/28827', 'https://brasilparticipativo.presidencia.gov.br/processes/planocultura/f/287/proposals/28818', 'https://brasilparticipativo.presidencia.gov.br/processes/planocultura/f/287/proposals/28819', 'https://brasilparticipativo.presidencia.gov.br/processes/planocultura/f/287/proposals/28787', 'https://brasilparticipativo.presidencia.gov.br/processes/planocultura/f/287/proposals/28788', 'https://brasilparticipativo.presidencia.gov.br/processes/planocultura/f/287/proposals/28846', 'https://brasilparticipativo.presidencia.gov.br/processes/planocultura/f/287/proposals/28792']",28
Conheça como foi o processo participativo do Novo Plano Nacional de Cultura,Curitiba - Paraná (PR),Memorial de Curitiba (Teatro do Memorial e Praça Iguaçu),0,Curitiba,Não informado,30/10/2024 09:00,"['https://brasilparticipativo.presidencia.gov.br/processes/planocultura/f/287/proposals/31184', 'https://brasilparticipativo.presidencia.gov.br/processes/planocultura/f/287/proposals/31519', 'https://brasilparticipativo.presidencia.gov.br/processes/planocultura/f/287/proposals/31512', 'https://brasilparticipativo.presidencia.gov.br/processes/planocultura/f/287/proposals/31513', 'https://brasilparticipativo.presidencia.gov.br/processes/planocultura/f/287/proposals/31514', 'https://brasilparticipativo.presidencia.gov.br/processes/planocultura/f/287/proposals/31515', 'https://brasilparticipativo.presidencia.gov.br/processes/planocultura/f/287/proposals/31516', 'https://brasilparticipativo.presidencia.gov.br/processes/planocultura/f/287/proposals/31517', 'https://brasilparticipativo.presidencia.gov.br/processes/planocultura/f/287/proposals/31518', 'https://brasilparticipativo.presidencia.gov.br/processes/planocultura/f/287/proposals/31520', 'https://brasilparticipativo.presidencia.gov.br/processes/planocultura/f/287/proposals/31521', 'https://brasilparticipativo.presidencia.gov.br/processes/planocultura/f/287/proposals/31522', 'https://brasilparticipativo.presidencia.gov.br/processes/planocultura/f/287/proposals/31168', 'https://brasilparticipativo.presidencia.gov.br/processes/planocultura/f/287/proposals/31151', 'https://brasilparticipativo.presidencia.gov.br/processes/planocultura/f/287/proposals/31152', 'https://brasilparticipativo.presidencia.gov.br/processes/planocultura/f/287/proposals/31153', 'https://brasilparticipativo.presidencia.gov.br/processes/planocultura/f/287/proposals/31154', 'https://brasilparticipativo.presidencia.gov.br/processes/planocultura/f/287/proposals/31155', 'https://brasilparticipativo.presidencia.gov.br/processes/planocultura/f/287/proposals/31156', 'https://brasilparticipativo.presidencia.gov.br/processes/planocultura/f/287/proposals/31157', 'https://brasilparticipativo.presidencia.gov.br/processes/planocultura/f/287/proposals/31158', 'https://brasilparticipativo.presidencia.gov.br/processes/planocultura/f/287/proposals/31159', 'https://brasilparticipativo.presidencia.gov.br/processes/planocultura/f/287/proposals/31161', 'https://brasilparticipativo.presidencia.gov.br/processes/planocultura/f/287/proposals/31162', 'https://brasilparticipativo.presidencia.gov.br/processes/planocultura/f/287/proposals/31163', 'https://brasilparticipativo.presidencia.gov.br/processes/planocultura/f/287/proposals/31164', 'https://brasilparticipativo.presidencia.gov.br/processes/planocultura/f/287/proposals/31165', 'https://brasilparticipativo.presidencia.gov.br/processes/planocultura/f/287/proposals/31166', 'https://brasilparticipativo.presidencia.gov.br/processes/planocultura/f/287/proposals/31167', 'https://brasilparticipativo.presidencia.gov.br/processes/planocultura/f/287/proposals/31169', 'https://brasilparticipativo.presidencia.gov.br/processes/planocultura/f/287/proposals/31202', 'https://brasilparticipativo.presidencia.gov.br/processes/planocultura/f/287/proposals/31182', 'https://brasilparticipativo.presidencia.gov.br/processes/planocultura/f/287/proposals/31183', 'https://brasilparticipativo.presidencia.gov.br/processes/planocultura/f/287/proposals/31185', 'https://brasilparticipativo.presidencia.gov.br/processes/planocultura/f/287/proposals/31186', 'https://brasilparticipativo.presidencia.gov.br/processes/planocultura/f/287/proposals/31187', 'https://brasilparticipativo.presidencia.gov.br/processes/planocultura/f/287/proposals/31198', 'https://brasilparticipativo.presidencia.gov.br/processes/planocultura/f/287/proposals/31190', 'https://brasilparticipativo.presidencia.gov.br/processes/planocultura/f/287/proposals/31188', 'https://brasilparticipativo.presidencia.gov.br/processes/planocultura/f/287/proposals/31189', 'https://brasilparticipativo.presidencia.gov.br/processes/planocultura/f/287/proposals/31191', 'https://brasilparticipativo.presidencia.gov.br/processes/planocultura/f/287/proposals/31192', 'https://brasilparticipativo.presidencia.gov.br/processes/planocultura/f/287/proposals/31193', 'https://brasilparticipativo.presidencia.gov.br/processes/planocultura/f/287/proposals/31194', 'https://brasilparticipativo.presidencia.gov.br/processes/planocultura/f/287/proposals/31200', 'https://brasilparticipativo.presidencia.gov.br/processes/planocultura/f/287/proposals/31195', 'https://brasilparticipativo.presidencia.gov.br/processes/planocultura/f/287/proposals/31196', 'https://brasilparticipativo.presidencia.gov.br/processes/planocultura/f/287/proposals/31197', 'https://brasilparticipativo.presidencia.gov.br/processes/planocultura/f/287/proposals/31201', 'https://brasilparticipativo.presidencia.gov.br/processes/planocultura/f/287/proposals/31203', 'https://brasilparticipativo.presidencia.gov.br/processes/planocultura/f/287/proposals/31213', 'https://brasilparticipativo.presidencia.gov.br/processes/planocultura/f/287/proposals/31204', 'https://brasilparticipativo.presidencia.gov.br/processes/planocultura/f/287/proposals/31205', 'https://brasilparticipativo.presidencia.gov.br/processes/planocultura/f/287/proposals/31206', 'https://brasilparticipativo.presidencia.gov.br/processes/planocultura/f/287/proposals/31207', 'https://brasilparticipativo.presidencia.gov.br/processes/planocultura/f/287/proposals/31208', 'https://brasilparticipativo.presidencia.gov.br/processes/planocultura/f/287/proposals/31209', 'https://brasilparticipativo.presidencia.gov.br/processes/planocultura/f/287/proposals/31210', 'https://brasilparticipativo.presidencia.gov.br/processes/planocultura/f/287/proposals/31211', 'https://brasilparticipativo.presidencia.gov.br/processes/planocultura/f/287/proposals/31212', 'https://brasilparticipativo.presidencia.gov.br/processes/planocultura/f/287/proposals/31214', 'https://brasilparticipativo.presidencia.gov.br/processes/planocultura/f/287/proposals/31215', 'https://brasilparticipativo.presidencia.gov.br/processes/planocultura/f/287/proposals/31199', 'https://brasilparticipativo.presidencia.gov.br/processes/planocultura/f/287/proposals/31160']",64
Conheça como foi o processo participativo do Novo Plano Nacional de Cultura,Florianópolis - Santa Catarina (SC),"UDESC - Florianópolis: Avenida Madre Benvenuta, 1907. Itacorubi",0,Santa Catarina,Não informado,29/10/2024 09:00,"['https://brasilparticipativo.presidencia.gov.br/processes/planocultura/f/287/proposals/28249', 'https://brasilparticipativo.presidencia.gov.br/processes/planocultura/f/287/proposals/28247', 'https://brasilparticipativo.presidencia.gov.br/processes/planocultura/f/287/proposals/28248', 'https://brasilparticipativo.presidencia.gov.br/processes/planocultura/f/287/proposals/28251', 'https://brasilparticipativo.presidencia.gov.br/processes/planocultura/f/287/proposals/28256', 'https://brasilparticipativo.presidencia.gov.br/processes/planocultura/f/287/proposals/28257', 'https://brasilparticipativo.presidencia.gov.br/processes/planocultura/f/287/proposals/28258', 'https://brasilparticipativo.presidencia.gov.br/processes/planocultura/f/287/proposals/28259', 'https://brasilparticipativo.presidencia.gov.br/processes/planocultura/f/287/proposals/28260', 'https://brasilparticipativo.presidencia.gov.br/processes/planocultura/f/287/proposals/28246', 'https://brasilparticipativo.presidencia.gov.br/processes/planocultura/f/287/proposals/28262', 'https://brasilparticipativo.presidencia.gov.br/processes/planocultura/f/287/proposals/28261', 'https://brasilparticipativo.presidencia.gov.br/processes/planocultura/f/287/proposals/28254', 'https://brasilparticipativo.presidencia.gov.br/processes/planocultura/f/287/proposals/28253', 'https://brasilparticipativo.presidencia.gov.br/processes/planocultura/f/287/proposals/28252', 'https://brasilparticipativo.presidencia.gov.br/processes/planocultura/f/287/proposals/28250', 'https://brasilparticipativo.presidencia.gov.br/processes/planocultura/f/287/proposals/28255']",17
Conheça como foi o processo participativo do Novo Plano Nacional de Cultura,Fortaleza - Ceará (CE),Local em confirmação,0,Fortaleza - Ceará,Não informado,22/11/2024 09:00,"['https://brasilparticipativo.presidencia.gov.br/processes/planocultura/f/287/proposals/28775', 'https://brasilparticipativo.presidencia.gov.br/processes/planocultura/f/287/proposals/28776', 'https://brasilparticipativo.presidencia.gov.br/processes/planocultura/f/287/proposals/28780', 'https://brasilparticipativo.presidencia.gov.br/processes/planocultura/f/287/proposals/28772', 'https://brasilparticipativo.presidencia.gov.br/processes/planocultura/f/287/proposals/28774', 'https://brasilparticipativo.presidencia.gov.br/processes/planocultura/f/287/proposals/28781', 'https://brasilparticipativo.presidencia.gov.br/processes/planocultura/f/287/proposals/28771', 'https://brasilparticipativo.presidencia.gov.br/processes/planocultura/f/287/proposals/28778']",8
Conheça como foi o processo participativo do Novo Plano Nacional de Cultura,Goiânia - Goiás (GO),Local em confirmação,0,Goiás,Não informado,06/12/2024 09:00,"['https://brasilparticipativo.presidencia.gov.br/processes/planocultura/f/287/proposals/28841', 'https://brasilparticipativo.presidencia.gov.br/processes/planocultura/f/287/proposals/28845', 'https://brasilparticipativo.presidencia.gov.br/processes/planocultura/f/287/proposals/28830', 'https://brasilparticipativo.presidencia.gov.br/processes/planocultura/f/287/proposals/28834', 'https://brasilparticipativo.presidencia.gov.br/processes/planocultura/f/287/proposals/28839', 'https://brasilparticipativo.presidencia.gov.br/processes/planocultura/f/287/proposals/28840', 'https://brasilparticipativo.presidencia.gov.br/processes/planocultura/f/287/proposals/28835', 'https://brasilparticipativo.presidencia.gov.br/processes/planocultura/f/287/proposals/28831', 'https://brasilparticipativo.presidencia.gov.br/processes/planocultura/f/287/proposals/28838', 'https://brasilparticipativo.presidencia.gov.br/processes/planocultura/f/287/proposals/28832', 'https://brasilparticipativo.presidencia.gov.br/processes/planocultura/f/287/proposals/28837', 'https://brasilparticipativo.presidencia.gov.br/processes/planocultura/f/287/proposals/28847', 'https://brasilparticipativo.presidencia.gov.br/processes/planocultura/f/287/proposals/28843', 'https://brasilparticipativo.presidencia.gov.br/processes/planocultura/f/287/proposals/28844', 'https://brasilparticipativo.presidencia.gov.br/processes/planocultura/f/287/proposals/28842', 'https://brasilparticipativo.presidencia.gov.br/processes/planocultura/f/287/proposals/28836']",16
Conheça como foi o processo participativo do Novo Plano Nacional de Cultura,João Pessoa - Paraíba (PB),Local em confirmação,0,João Pessoa,Não informado,03/12/2024 09:00,"['https://brasilparticipativo.presidencia.gov.br/processes/planocultura/f/287/proposals/29173', 'https://brasilparticipativo.presidencia.gov.br/processes/planocultura/f/287/proposals/29174', 'https://brasilparticipativo.presidencia.gov.br/processes/planocultura/f/287/proposals/29179', 'https://brasilparticipativo.presidencia.gov.br/processes/planocultura/f/287/proposals/29183', 'https://brasilparticipativo.presidencia.gov.br/processes/planocultura/f/287/proposals/29190', 'https://brasilparticipativo.presidencia.gov.br/processes/planocultura/f/287/proposals/29192', 'https://brasilparticipativo.presidencia.gov.br/processes/planocultura/f/287/proposals/29196', 'https://brasilparticipativo.presidencia.gov.br/processes/planocultura/f/287/proposals/29197', 'https://brasilparticipativo.presidencia.gov.br/processes/planocultura/f/287/proposals/29187', 'https://brasilparticipativo.presidencia.gov.br/processes/planocultura/f/287/proposals/29180', 'https://brasilparticipativo.presidencia.gov.br/processes/planocultura/f/287/proposals/29176', 'https://brasilparticipativo.presidencia.gov.br/processes/planocultura/f/287/proposals/29198', 'https://brasilparticipativo.presidencia.gov.br/processes/planocultura/f/287/proposals/29199', 'https://brasilparticipativo.presidencia.gov.br/processes/planocultura/f/287/proposals/29172', 'https://brasilparticipativo.presidencia.gov.br/processes/planocultura/f/287/proposals/29204', 'https://brasilparticipativo.presidencia.gov.br/processes/planocultura/f/287/proposals/29200', 'https://brasilparticipativo.presidencia.gov.br/processes/planocultura/f/287/proposals/29201', 'https://brasilparticipativo.presidencia.gov.br/processes/planocultura/f/287/proposals/29203', 'https://brasilparticipativo.presidencia.gov.br/processes/planocultura/f/287/proposals/29205', 'https://brasilparticipativo.presidencia.gov.br/processes/planocultura/f/287/proposals/29206', 'https://brasilparticipativo.presidencia.gov.br/processes/planocultura/f/287/proposals/29207', 'https://brasilparticipativo.presidencia.gov.br/processes/planocultura/f/287/proposals/29202', 'https://brasilparticipativo.presidencia.gov.br/processes/planocultura/f/287/proposals/29188', 'https://brasilparticipativo.presidencia.gov.br/processes/planocultura/f/287/proposals/29195', 'https://brasilparticipativo.presidencia.gov.br/processes/planocultura/f/287/proposals/29191', 'https://brasilparticipativo.presidencia.gov.br/processes/planocultura/f/287/proposals/29177', 'https://brasilparticipativo.presidencia.gov.br/processes/planocultura/f/287/proposals/29194', 'https://brasilparticipativo.presidencia.gov.br/processes/planocultura/f/287/proposals/29193', 'https://brasilparticipativo.presidencia.gov.br/processes/planocultura/f/287/proposals/29185', 'https://brasilparticipativo.presidencia.gov.br/processes/planocultura/f/287/proposals/29178', 'https://brasilparticipativo.presidencia.gov.br/processes/planocultura/f/287/proposals/29182', 'https://brasilparticipativo.presidencia.gov.br/processes/planocultura/f/287/proposals/29175', 'https://brasilparticipativo.presidencia.gov.br/processes/planocultura/f/287/proposals/29184', 'https://brasilparticipativo.presidencia.gov.br/processes/planocultura/f/287/proposals/29181', 'https://brasilparticipativo.presidencia.gov.br/processes/planocultura/f/287/proposals/29189']",35
Conheça como foi o processo participativo do Novo Plano Nacional de Cultura,Macapá - Amapá (AP),Local em confirmação,0,definir,Não informado,08/11/2024 09:00,"['https://brasilparticipativo.presidencia.gov.br/processes/planocultura/f/287/proposals/28727', 'https://brasilparticipativo.presidencia.gov.br/processes/planocultura/f/287/proposals/28729', 'https://brasilparticipativo.presidencia.gov.br/processes/planocultura/f/287/proposals/28725', 'https://brasilparticipativo.presidencia.gov.br/processes/planocultura/f/287/proposals/28724', 'https://brasilparticipativo.presidencia.gov.br/processes/planocultura/f/287/proposals/28276', 'https://brasilparticipativo.presidencia.gov.br/processes/planocultura/f/287/proposals/28277', 'https://brasilparticipativo.presidencia.gov.br/processes/planocultura/f/287/proposals/28278', 'https://brasilparticipativo.presidencia.gov.br/processes/planocultura/f/287/proposals/28279', 'https://brasilparticipativo.presidencia.gov.br/processes/planocultura/f/287/proposals/28281', 'https://brasilparticipativo.presidencia.gov.br/processes/planocultura/f/287/proposals/28282', 'https://brasilparticipativo.presidencia.gov.br/processes/planocultura/f/287/proposals/28283', 'https://brasilparticipativo.presidencia.gov.br/processes/planocultura/f/287/proposals/28284', 'https://brasilparticipativo.presidencia.gov.br/processes/planocultura/f/287/proposals/28285', 'https://brasilparticipativo.presidencia.gov.br/processes/planocultura/f/287/proposals/28287', 'https://brasilparticipativo.presidencia.gov.br/processes/planocultura/f/287/proposals/28280', 'https://brasilparticipativo.presidencia.gov.br/processes/planocultura/f/287/proposals/28730', 'https://brasilparticipativo.presidencia.gov.br/processes/planocultura/f/287/proposals/28721', 'https://brasilparticipativo.presidencia.gov.br/processes/planocultura/f/287/proposals/28722', 'https://brasilparticipativo.presidencia.gov.br/processes/planocultura/f/287/proposals/28286', 'https://brasilparticipativo.presidencia.gov.br/processes/planocultura/f/287/proposals/28720', 'https://brasilparticipativo.presidencia.gov.br/processes/planocultura/f/287/proposals/28726', 'https://brasilparticipativo.presidencia.gov.br/processes/planocultura/f/287/proposals/28723', 'https://brasilparticipativo.presidencia.gov.br/processes/planocultura/f/287/proposals/28728', 'https://brasilparticipativo.presidencia.gov.br/processes/planocultura/f/287/proposals/28288']",24
Conheça como foi o processo participativo do Novo Plano Nacional de Cultura,Maceió - Alagoas (AL),Local em confirmação,0,Maceió - AL,Não informado,06/11/2024 09:00,"['https://brasilparticipativo.presidencia.gov.br/processes/planocultura/f/287/proposals/28329', 'https://brasilparticipativo.presidencia.gov.br/processes/planocultura/f/287/proposals/28322', 'https://brasilparticipativo.presidencia.gov.br/processes/planocultura/f/287/proposals/28318', 'https://brasilparticipativo.presidencia.gov.br/processes/planocultura/f/287/proposals/28319', 'https://brasilparticipativo.presidencia.gov.br/processes/planocultura/f/287/proposals/28321', 'https://brasilparticipativo.presidencia.gov.br/processes/planocultura/f/287/proposals/28323', 'https://brasilparticipativo.presidencia.gov.br/processes/planocultura/f/287/proposals/28324', 'https://brasilparticipativo.presidencia.gov.br/processes/planocultura/f/287/proposals/28325', 'https://brasilparticipativo.presidencia.gov.br/processes/planocultura/f/287/proposals/28326', 'https://brasilparticipativo.presidencia.gov.br/processes/planocultura/f/287/proposals/28327', 'https://brasilparticipativo.presidencia.gov.br/processes/planocultura/f/287/proposals/28328', 'https://brasilparticipativo.presidencia.gov.br/processes/planocultura/f/287/proposals/28331', 'https://brasilparticipativo.presidencia.gov.br/processes/planocultura/f/287/proposals/28332', 'https://brasilparticipativo.presidencia.gov.br/processes/planocultura/f/287/proposals/28330', 'https://brasilparticipativo.presidencia.gov.br/processes/planocultura/f/287/proposals/28320']",15
Conheça como foi o processo participativo do Novo Plano Nacional de Cultura,Manaus - Amazonas (AM),Local em confirmação,0,Amazonas,Não informado,12/11/2024 09:00,"['https://brasilparticipativo.presidencia.gov.br/processes/planocultura/f/287/proposals/28735', 'https://brasilparticipativo.presidencia.gov.br/processes/planocultura/f/287/proposals/28741', 'https://brasilparticipativo.presidencia.gov.br/processes/planocultura/f/287/proposals/28736', 'https://brasilparticipativo.presidencia.gov.br/processes/planocultura/f/287/proposals/28742', 'https://brasilparticipativo.presidencia.gov.br/processes/planocultura/f/287/proposals/28737', 'https://brasilparticipativo.presidencia.gov.br/processes/planocultura/f/287/proposals/28731', 'https://brasilparticipativo.presidencia.gov.br/processes/planocultura/f/287/proposals/28740', 'https://brasilparticipativo.presidencia.gov.br/processes/planocultura/f/287/proposals/28732', 'https://brasilparticipativo.presidencia.gov.br/processes/planocultura/f/287/proposals/28734', 'https://brasilparticipativo.presidencia.gov.br/processes/planocultura/f/287/proposals/28739', 'https://brasilparticipativo.presidencia.gov.br/processes/planocultura/f/287/proposals/28738']",11
Conheça como foi o processo participativo do Novo Plano Nacional de Cultura,Natal - Rio Grande do Norte (RN),Oficina virtual,0,Não informado,Não informado,Dezembro 2024 18:00 às 20:00,"['https://brasilparticipativo.presidencia.gov.br/processes/planocultura/f/287/proposals/29214', 'https://brasilparticipativo.presidencia.gov.br/processes/planocultura/f/287/proposals/29210', 'https://brasilparticipativo.presidencia.gov.br/processes/planocultura/f/287/proposals/29211', 'https://brasilparticipativo.presidencia.gov.br/processes/planocultura/f/287/proposals/29212', 'https://brasilparticipativo.presidencia.gov.br/processes/planocultura/f/287/proposals/29213', 'https://brasilparticipativo.presidencia.gov.br/processes/planocultura/f/287/proposals/29209']",6
Conheça como foi o processo participativo do Novo Plano Nacional de Cultura,Palmas - Tocantins (TO),Local em confirmação,0,palmas,Não informado,18/11/2024 09:00,"['https://brasilparticipativo.presidencia.gov.br/processes/planocultura/f/287/proposals/29152', 'https://brasilparticipativo.presidencia.gov.br/processes/planocultura/f/287/proposals/29158', 'https://brasilparticipativo.presidencia.gov.br/processes/planocultura/f/287/proposals/29161', 'https://brasilparticipativo.presidencia.gov.br/processes/planocultura/f/287/proposals/29163', 'https://brasilparticipativo.presidencia.gov.br/processes/planocultura/f/287/proposals/29166', 'https://brasilparticipativo.presidencia.gov.br/processes/planocultura/f/287/proposals/29167', 'https://brasilparticipativo.presidencia.gov.br/processes/planocultura/f/287/proposals/29168', 'https://brasilparticipativo.presidencia.gov.br/processes/planocultura/f/287/proposals/29171', 'https://brasilparticipativo.presidencia.gov.br/processes/planocultura/f/287/proposals/29156', 'https://brasilparticipativo.presidencia.gov.br/processes/planocultura/f/287/proposals/29153', 'https://brasilparticipativo.presidencia.gov.br/processes/planocultura/f/287/proposals/29157', 'https://brasilparticipativo.presidencia.gov.br/processes/planocultura/f/287/proposals/29170', 'https://brasilparticipativo.presidencia.gov.br/processes/planocultura/f/287/proposals/29149', 'https://brasilparticipativo.presidencia.gov.br/processes/planocultura/f/287/proposals/29154', 'https://brasilparticipativo.presidencia.gov.br/processes/planocultura/f/287/proposals/29147', 'https://brasilparticipativo.presidencia.gov.br/processes/planocultura/f/287/proposals/29164', 'https://brasilparticipativo.presidencia.gov.br/processes/planocultura/f/287/proposals/29169', 'https://brasilparticipativo.presidencia.gov.br/processes/planocultura/f/287/proposals/29150', 'https://brasilparticipativo.presidencia.gov.br/processes/planocultura/f/287/proposals/29148', 'https://brasilparticipativo.presidencia.gov.br/processes/planocultura/f/287/proposals/29151', 'https://brasilparticipativo.presidencia.gov.br/processes/planocultura/f/287/proposals/29162', 'https://brasilparticipativo.presidencia.gov.br/processes/planocultura/f/287/proposals/29155', 'https://brasilparticipativo.presidencia.gov.br/processes/planocultura/f/287/proposals/29160', 'https://brasilparticipativo.presidencia.gov.br/processes/planocultura/f/287/proposals/29165']",24
Conheça como foi o processo participativo do Novo Plano Nacional de Cultura,Porto Alegre - Rio Grande do Sul (RS),"Assembleia Legislativa do Rio Grande do Sul: Praça Mal. Deodoro, 101 - Centro Histórico",0,"Praça Mal. Deodoro, 101 - Centro Histórico, Porto Alegre",Não informado,22/11/2024 09:00,"['https://brasilparticipativo.presidencia.gov.br/processes/planocultura/f/287/proposals/28751', 'https://brasilparticipativo.presidencia.gov.br/processes/planocultura/f/287/proposals/28748', 'https://brasilparticipativo.presidencia.gov.br/processes/planocultura/f/287/proposals/28750', 'https://brasilparticipativo.presidencia.gov.br/processes/planocultura/f/287/proposals/28752', 'https://brasilparticipativo.presidencia.gov.br/processes/planocultura/f/287/proposals/28760', 'https://brasilparticipativo.presidencia.gov.br/processes/planocultura/f/287/proposals/28763', 'https://brasilparticipativo.presidencia.gov.br/processes/planocultura/f/287/proposals/28764', 'https://brasilparticipativo.presidencia.gov.br/processes/planocultura/f/287/proposals/28766', 'https://brasilparticipativo.presidencia.gov.br/processes/planocultura/f/287/proposals/28767', 'https://brasilparticipativo.presidencia.gov.br/processes/planocultura/f/287/proposals/28769', 'https://brasilparticipativo.presidencia.gov.br/processes/planocultura/f/287/proposals/28755', 'https://brasilparticipativo.presidencia.gov.br/processes/planocultura/f/287/proposals/28756', 'https://brasilparticipativo.presidencia.gov.br/processes/planocultura/f/287/proposals/28757', 'https://brasilparticipativo.presidencia.gov.br/processes/planocultura/f/287/proposals/28758', 'https://brasilparticipativo.presidencia.gov.br/processes/planocultura/f/287/proposals/28745', 'https://brasilparticipativo.presidencia.gov.br/processes/planocultura/f/287/proposals/28746', 'https://brasilparticipativo.presidencia.gov.br/processes/planocultura/f/287/proposals/28768', 'https://brasilparticipativo.presidencia.gov.br/processes/planocultura/f/287/proposals/28754', 'https://brasilparticipativo.presidencia.gov.br/processes/planocultura/f/287/proposals/28759', 'https://brasilparticipativo.presidencia.gov.br/processes/planocultura/f/287/proposals/28747', 'https://brasilparticipativo.presidencia.gov.br/processes/planocultura/f/287/proposals/28829', 'https://brasilparticipativo.presidencia.gov.br/processes/planocultura/f/287/proposals/28761', 'https://brasilparticipativo.presidencia.gov.br/processes/planocultura/f/287/proposals/28762']",23
Conheça como foi o processo participativo do Novo Plano Nacional de Cultura,Porto Velho - Rondônia (RO),Local em confirmação,0,Rondônia,Não informado,13/12/2024 09:00,"['https://brasilparticipativo.presidencia.gov.br/processes/planocultura/f/287/proposals/31478', 'https://brasilparticipativo.presidencia.gov.br/processes/planocultura/f/287/proposals/31461', 'https://brasilparticipativo.presidencia.gov.br/processes/planocultura/f/287/proposals/31463', 'https://brasilparticipativo.presidencia.gov.br/processes/planocultura/f/287/proposals/31465', 'https://brasilparticipativo.presidencia.gov.br/processes/planocultura/f/287/proposals/31466', 'https://brasilparticipativo.presidencia.gov.br/processes/planocultura/f/287/proposals/31467', 'https://brasilparticipativo.presidencia.gov.br/processes/planocultura/f/287/proposals/31468', 'https://brasilparticipativo.presidencia.gov.br/processes/planocultura/f/287/proposals/31469', 'https://brasilparticipativo.presidencia.gov.br/processes/planocultura/f/287/proposals/31470', 'https://brasilparticipativo.presidencia.gov.br/processes/planocultura/f/287/proposals/31472', 'https://brasilparticipativo.presidencia.gov.br/processes/planocultura/f/287/proposals/31473', 'https://brasilparticipativo.presidencia.gov.br/processes/planocultura/f/287/proposals/31474', 'https://brasilparticipativo.presidencia.gov.br/processes/planocultura/f/287/proposals/31476', 'https://brasilparticipativo.presidencia.gov.br/processes/planocultura/f/287/proposals/31481', 'https://brasilparticipativo.presidencia.gov.br/processes/planocultura/f/287/proposals/31482', 'https://brasilparticipativo.presidencia.gov.br/processes/planocultura/f/287/proposals/31483', 'https://brasilparticipativo.presidencia.gov.br/processes/planocultura/f/287/proposals/31484', 'https://brasilparticipativo.presidencia.gov.br/processes/planocultura/f/287/proposals/31485', 'https://brasilparticipativo.presidencia.gov.br/processes/planocultura/f/287/proposals/31486', 'https://brasilparticipativo.presidencia.gov.br/processes/planocultura/f/287/proposals/31487', 'https://brasilparticipativo.presidencia.gov.br/processes/planocultura/f/287/proposals/31488', 'https://brasilparticipativo.presidencia.gov.br/processes/planocultura/f/287/proposals/31462', 'https://brasilparticipativo.presidencia.gov.br/processes/planocultura/f/287/proposals/31459', 'https://brasilparticipativo.presidencia.gov.br/processes/planocultura/f/287/proposals/31460', 'https://brasilparticipativo.presidencia.gov.br/processes/planocultura/f/287/proposals/31181', 'https://brasilparticipativo.presidencia.gov.br/processes/planocultura/f/287/proposals/31179', 'https://brasilparticipativo.presidencia.gov.br/processes/planocultura/f/287/proposals/31471', 'https://brasilparticipativo.presidencia.gov.br/processes/planocultura/f/287/proposals/31475', 'https://brasilparticipativo.presidencia.gov.br/processes/planocultura/f/287/proposals/31464', 'https://brasilparticipativo.presidencia.gov.br/processes/planocultura/f/287/proposals/31479', 'https://brasilparticipativo.presidencia.gov.br/processes/planocultura/f/287/proposals/31180', 'https://brasilparticipativo.presidencia.gov.br/processes/planocultura/f/287/proposals/31480']",32
Conheça como foi o processo participativo do Novo Plano Nacional de Cultura,Recife - Pernambuco (PE),Centro de Artesanato de Pernambuco + Auditório Professor Clécio Lemos – Campus Benfica – FCAP/UPE,0,Pernambuco,Não informado,18/10/2024 08:00,"['https://brasilparticipativo.presidencia.gov.br/processes/planocultura/f/287/proposals/21590', 'https://brasilparticipativo.presidencia.gov.br/processes/planocultura/f/287/proposals/21576', 'https://brasilparticipativo.presidencia.gov.br/processes/planocultura/f/287/proposals/21579', 'https://brasilparticipativo.presidencia.gov.br/processes/planocultura/f/287/proposals/21586', 'https://brasilparticipativo.presidencia.gov.br/processes/planocultura/f/287/proposals/21587', 'https://brasilparticipativo.presidencia.gov.br/processes/planocultura/f/287/proposals/21643', 'https://brasilparticipativo.presidencia.gov.br/processes/planocultura/f/287/proposals/21644', 'https://brasilparticipativo.presidencia.gov.br/processes/planocultura/f/287/proposals/21645', 'https://brasilparticipativo.presidencia.gov.br/processes/planocultura/f/287/proposals/21646', 'https://brasilparticipativo.presidencia.gov.br/processes/planocultura/f/287/proposals/21648', 'https://brasilparticipativo.presidencia.gov.br/processes/planocultura/f/287/proposals/21649', 'https://brasilparticipativo.presidencia.gov.br/processes/planocultura/f/287/proposals/21650', 'https://brasilparticipativo.presidencia.gov.br/processes/planocultura/f/287/proposals/21653', 'https://brasilparticipativo.presidencia.gov.br/processes/planocultura/f/287/proposals/21589', 'https://brasilparticipativo.presidencia.gov.br/processes/planocultura/f/287/proposals/21588', 'https://brasilparticipativo.presidencia.gov.br/processes/planocultura/f/287/proposals/21647', 'https://brasilparticipativo.presidencia.gov.br/processes/planocultura/f/287/proposals/21591', 'https://brasilparticipativo.presidencia.gov.br/processes/planocultura/f/287/proposals/21652', 'https://brasilparticipativo.presidencia.gov.br/processes/planocultura/f/287/proposals/21651', 'https://brasilparticipativo.presidencia.gov.br/processes/planocultura/f/287/proposals/21578', 'https://brasilparticipativo.presidencia.gov.br/processes/planocultura/f/287/proposals/21584', 'https://brasilparticipativo.presidencia.gov.br/processes/planocultura/f/287/proposals/21585', 'https://brasilparticipativo.presidencia.gov.br/processes/planocultura/f/287/proposals/21654', 'https://brasilparticipativo.presidencia.gov.br/processes/planocultura/f/287/proposals/21583', 'https://brasilparticipativo.presidencia.gov.br/processes/planocultura/f/287/proposals/21580', 'https://brasilparticipativo.presidencia.gov.br/processes/planocultura/f/287/proposals/21577', 'https://brasilparticipativo.presidencia.gov.br/processes/planocultura/f/287/proposals/21642', 'https://brasilparticipativo.presidencia.gov.br/processes/planocultura/f/287/proposals/21581', 'https://brasilparticipativo.presidencia.gov.br/processes/planocultura/f/287/proposals/21582', 'https://brasilparticipativo.presidencia.gov.br/processes/planocultura/f/287/proposals/21592']",30
Conheça como foi o processo participativo do Novo Plano Nacional de Cultura,Rio Branco - Acre (AC),Centro de Convenções UFAC,0,Acre,Não informado,22/10/2024 08:00,"['https://brasilparticipativo.presidencia.gov.br/processes/planocultura/f/287/proposals/21658', 'https://brasilparticipativo.presidencia.gov.br/processes/planocultura/f/287/proposals/21656', 'https://brasilparticipativo.presidencia.gov.br/processes/planocultura/f/287/proposals/21660', 'https://brasilparticipativo.presidencia.gov.br/processes/planocultura/f/287/proposals/21661', 'https://brasilparticipativo.presidencia.gov.br/processes/planocultura/f/287/proposals/21663', 'https://brasilparticipativo.presidencia.gov.br/processes/planocultura/f/287/proposals/21664', 'https://brasilparticipativo.presidencia.gov.br/processes/planocultura/f/287/proposals/21665', 'https://brasilparticipativo.presidencia.gov.br/processes/planocultura/f/287/proposals/21667', 'https://brasilparticipativo.presidencia.gov.br/processes/planocultura/f/287/proposals/21662', 'https://brasilparticipativo.presidencia.gov.br/processes/planocultura/f/287/proposals/21655', 'https://brasilparticipativo.presidencia.gov.br/processes/planocultura/f/287/proposals/21657', 'https://brasilparticipativo.presidencia.gov.br/processes/planocultura/f/287/proposals/21669', 'https://brasilparticipativo.presidencia.gov.br/processes/planocultura/f/287/proposals/21659', 'https://brasilparticipativo.presidencia.gov.br/processes/planocultura/f/287/proposals/21668']",14
Conheça como foi o processo participativo do Novo Plano Nacional de Cultura,Rio de Janeiro - Rio de Janeiro (RJ),Oficina virtual,0,Não informado,Não informado,Dezembro 2024 18:00 às 20:00,"['https://brasilparticipativo.presidencia.gov.br/processes/planocultura/f/287/proposals/31277', 'https://brasilparticipativo.presidencia.gov.br/processes/planocultura/f/287/proposals/31272', 'https://brasilparticipativo.presidencia.gov.br/processes/planocultura/f/287/proposals/31275', 'https://brasilparticipativo.presidencia.gov.br/processes/planocultura/f/287/proposals/31278', 'https://brasilparticipativo.presidencia.gov.br/processes/planocultura/f/287/proposals/31281', 'https://brasilparticipativo.presidencia.gov.br/processes/planocultura/f/287/proposals/31279', 'https://brasilparticipativo.presidencia.gov.br/processes/planocultura/f/287/proposals/31282', 'https://brasilparticipativo.presidencia.gov.br/processes/planocultura/f/287/proposals/31274', 'https://brasilparticipativo.presidencia.gov.br/processes/planocultura/f/287/proposals/31283', 'https://brasilparticipativo.presidencia.gov.br/processes/planocultura/f/287/proposals/31284', 'https://brasilparticipativo.presidencia.gov.br/processes/planocultura/f/287/proposals/31285', 'https://brasilparticipativo.presidencia.gov.br/processes/planocultura/f/287/proposals/31409', 'https://brasilparticipativo.presidencia.gov.br/processes/planocultura/f/287/proposals/31410', 'https://brasilparticipativo.presidencia.gov.br/processes/planocultura/f/287/proposals/31271', 'https://brasilparticipativo.presidencia.gov.br/processes/planocultura/f/287/proposals/31280', 'https://brasilparticipativo.presidencia.gov.br/processes/planocultura/f/287/proposals/31273']",16
Conheça como foi o processo participativo do Novo Plano Nacional de Cultura,Salvador - Bahia (BA),Escola de Saúde Pública da Bahia,0,Bahia,Não informado,13/12/2024 09:00,"['https://brasilparticipativo.presidencia.gov.br/processes/planocultura/f/287/proposals/31434', 'https://brasilparticipativo.presidencia.gov.br/processes/planocultura/f/287/proposals/31436', 'https://brasilparticipativo.presidencia.gov.br/processes/planocultura/f/287/proposals/31437', 'https://brasilparticipativo.presidencia.gov.br/processes/planocultura/f/287/proposals/31438', 'https://brasilparticipativo.presidencia.gov.br/processes/planocultura/f/287/proposals/31439', 'https://brasilparticipativo.presidencia.gov.br/processes/planocultura/f/287/proposals/31440', 'https://brasilparticipativo.presidencia.gov.br/processes/planocultura/f/287/proposals/31442', 'https://brasilparticipativo.presidencia.gov.br/processes/planocultura/f/287/proposals/31444', 'https://brasilparticipativo.presidencia.gov.br/processes/planocultura/f/287/proposals/31445', 'https://brasilparticipativo.presidencia.gov.br/processes/planocultura/f/287/proposals/31446', 'https://brasilparticipativo.presidencia.gov.br/processes/planocultura/f/287/proposals/31447', 'https://brasilparticipativo.presidencia.gov.br/processes/planocultura/f/287/proposals/31448', 'https://brasilparticipativo.presidencia.gov.br/processes/planocultura/f/287/proposals/31449', 'https://brasilparticipativo.presidencia.gov.br/processes/planocultura/f/287/proposals/31450', 'https://brasilparticipativo.presidencia.gov.br/processes/planocultura/f/287/proposals/31451', 'https://brasilparticipativo.presidencia.gov.br/processes/planocultura/f/287/proposals/31452', 'https://brasilparticipativo.presidencia.gov.br/processes/planocultura/f/287/proposals/31454', 'https://brasilparticipativo.presidencia.gov.br/processes/planocultura/f/287/proposals/31455', 'https://brasilparticipativo.presidencia.gov.br/processes/planocultura/f/287/proposals/31456', 'https://brasilparticipativo.presidencia.gov.br/processes/planocultura/f/287/proposals/31457', 'https://brasilparticipativo.presidencia.gov.br/processes/planocultura/f/287/proposals/31458', 'https://brasilparticipativo.presidencia.gov.br/processes/planocultura/f/287/proposals/31453', 'https://brasilparticipativo.presidencia.gov.br/processes/planocultura/f/287/proposals/31441', 'https://brasilparticipativo.presidencia.gov.br/processes/planocultura/f/287/proposals/31435', 'https://brasilparticipativo.presidencia.gov.br/processes/planocultura/f/287/proposals/31431', 'https://brasilparticipativo.presidencia.gov.br/processes/planocultura/f/287/proposals/31432', 'https://brasilparticipativo.presidencia.gov.br/processes/planocultura/f/287/proposals/31433', 'https://brasilparticipativo.presidencia.gov.br/processes/planocultura/f/287/proposals/31443']",28
Conheça como foi o processo participativo do Novo Plano Nacional de Cultura,São Luís - Maranhão (MA),Quilombo (Comitê de Cultura) + Assembléia Legislativa do Maranhão,0,Assembleia legislativa,Não informado,18/10/2024 08:00,"['https://brasilparticipativo.presidencia.gov.br/processes/planocultura/f/287/proposals/21593', 'https://brasilparticipativo.presidencia.gov.br/processes/planocultura/f/287/proposals/21601', 'https://brasilparticipativo.presidencia.gov.br/processes/planocultura/f/287/proposals/21604', 'https://brasilparticipativo.presidencia.gov.br/processes/planocultura/f/287/proposals/21594', 'https://brasilparticipativo.presidencia.gov.br/processes/planocultura/f/287/proposals/21603', 'https://brasilparticipativo.presidencia.gov.br/processes/planocultura/f/287/proposals/21598', 'https://brasilparticipativo.presidencia.gov.br/processes/planocultura/f/287/proposals/21599', 'https://brasilparticipativo.presidencia.gov.br/processes/planocultura/f/287/proposals/21606', 'https://brasilparticipativo.presidencia.gov.br/processes/planocultura/f/287/proposals/21608', 'https://brasilparticipativo.presidencia.gov.br/processes/planocultura/f/287/proposals/21609', 'https://brasilparticipativo.presidencia.gov.br/processes/planocultura/f/287/proposals/21614', 'https://brasilparticipativo.presidencia.gov.br/processes/planocultura/f/287/proposals/21605', 'https://brasilparticipativo.presidencia.gov.br/processes/planocultura/f/287/proposals/21597', 'https://brasilparticipativo.presidencia.gov.br/processes/planocultura/f/287/proposals/21596', 'https://brasilparticipativo.presidencia.gov.br/processes/planocultura/f/287/proposals/21611', 'https://brasilparticipativo.presidencia.gov.br/processes/planocultura/f/287/proposals/21612', 'https://brasilparticipativo.presidencia.gov.br/processes/planocultura/f/287/proposals/21595', 'https://brasilparticipativo.presidencia.gov.br/processes/planocultura/f/287/proposals/21613', 'https://brasilparticipativo.presidencia.gov.br/processes/planocultura/f/287/proposals/21607', 'https://brasilparticipativo.presidencia.gov.br/processes/planocultura/f/287/proposals/21602', 'https://brasilparticipativo.presidencia.gov.br/processes/planocultura/f/287/proposals/21600', 'https://brasilparticipativo.presidencia.gov.br/processes/planocultura/f/287/proposals/21610']",22
Conheça como foi o processo participativo do Novo Plano Nacional de Cultura,São Paulo - São Paulo (SP),Local em confirmação,0,São Paulo,Não informado,08/11/2024 09:00,"['https://brasilparticipativo.presidencia.gov.br/processes/planocultura/f/287/proposals/28303', 'https://brasilparticipativo.presidencia.gov.br/processes/planocultura/f/287/proposals/28310', 'https://brasilparticipativo.presidencia.gov.br/processes/planocultura/f/287/proposals/28812', 'https://brasilparticipativo.presidencia.gov.br/processes/planocultura/f/287/proposals/28292', 'https://brasilparticipativo.presidencia.gov.br/processes/planocultura/f/287/proposals/28306', 'https://brasilparticipativo.presidencia.gov.br/processes/planocultura/f/287/proposals/28305', 'https://brasilparticipativo.presidencia.gov.br/processes/planocultura/f/287/proposals/28289', 'https://brasilparticipativo.presidencia.gov.br/processes/planocultura/f/287/proposals/28291', 'https://brasilparticipativo.presidencia.gov.br/processes/planocultura/f/287/proposals/28293', 'https://brasilparticipativo.presidencia.gov.br/processes/planocultura/f/287/proposals/28294', 'https://brasilparticipativo.presidencia.gov.br/processes/planocultura/f/287/proposals/28297', 'https://brasilparticipativo.presidencia.gov.br/processes/planocultura/f/287/proposals/28300', 'https://brasilparticipativo.presidencia.gov.br/processes/planocultura/f/287/proposals/28301', 'https://brasilparticipativo.presidencia.gov.br/processes/planocultura/f/287/proposals/28304', 'https://brasilparticipativo.presidencia.gov.br/processes/planocultura/f/287/proposals/28311', 'https://brasilparticipativo.presidencia.gov.br/processes/planocultura/f/287/proposals/28312', 'https://brasilparticipativo.presidencia.gov.br/processes/planocultura/f/287/proposals/28313', 'https://brasilparticipativo.presidencia.gov.br/processes/planocultura/f/287/proposals/28314', 'https://brasilparticipativo.presidencia.gov.br/processes/planocultura/f/287/proposals/28315', 'https://brasilparticipativo.presidencia.gov.br/processes/planocultura/f/287/proposals/28317', 'https://brasilparticipativo.presidencia.gov.br/processes/planocultura/f/287/proposals/28333', 'https://brasilparticipativo.presidencia.gov.br/processes/planocultura/f/287/proposals/28295', 'https://brasilparticipativo.presidencia.gov.br/processes/planocultura/f/287/proposals/28309', 'https://brasilparticipativo.presidencia.gov.br/processes/planocultura/f/287/proposals/28290', 'https://brasilparticipativo.presidencia.gov.br/processes/planocultura/f/287/proposals/28334', 'https://brasilparticipativo.presidencia.gov.br/processes/planocultura/f/287/proposals/28299', 'https://brasilparticipativo.presidencia.gov.br/processes/planocultura/f/287/proposals/28302', 'https://brasilparticipativo.presidencia.gov.br/processes/planocultura/f/287/proposals/28307', 'https://brasilparticipativo.presidencia.gov.br/processes/planocultura/f/287/proposals/28316', 'https://brasilparticipativo.presidencia.gov.br/processes/planocultura/f/287/proposals/28298', 'https://brasilparticipativo.presidencia.gov.br/processes/planocultura/f/287/proposals/28296', 'https://brasilparticipativo.presidencia.gov.br/processes/planocultura/f/287/proposals/28308']",32
Conheça como foi o processo participativo do Novo Plano Nacional de Cultura,Teresina - Piauí (PI),SESC,0,"Avenida Campos Sales, 1111",Não informado,10/12/2024 09:00,"['https://brasilparticipativo.presidencia.gov.br/processes/planocultura/f/287/proposals/31477', 'https://brasilparticipativo.presidencia.gov.br/processes/planocultura/f/287/proposals/31411', 'https://brasilparticipativo.presidencia.gov.br/processes/planocultura/f/287/proposals/31412', 'https://brasilparticipativo.presidencia.gov.br/processes/planocultura/f/287/proposals/31413', 'https://brasilparticipativo.presidencia.gov.br/processes/planocultura/f/287/proposals/31414', 'https://brasilparticipativo.presidencia.gov.br/processes/planocultura/f/287/proposals/31416', 'https://brasilparticipativo.presidencia.gov.br/processes/planocultura/f/287/proposals/31417', 'https://brasilparticipativo.presidencia.gov.br/processes/planocultura/f/287/proposals/31418', 'https://brasilparticipativo.presidencia.gov.br/processes/planocultura/f/287/proposals/31419', 'https://brasilparticipativo.presidencia.gov.br/processes/planocultura/f/287/proposals/31420', 'https://brasilparticipativo.presidencia.gov.br/processes/planocultura/f/287/proposals/31421', 'https://brasilparticipativo.presidencia.gov.br/processes/planocultura/f/287/proposals/31423', 'https://brasilparticipativo.presidencia.gov.br/processes/planocultura/f/287/proposals/31425', 'https://brasilparticipativo.presidencia.gov.br/processes/planocultura/f/287/proposals/31424', 'https://brasilparticipativo.presidencia.gov.br/processes/planocultura/f/287/proposals/31422', 'https://brasilparticipativo.presidencia.gov.br/processes/planocultura/f/287/proposals/31415']",16
Conheça como foi o processo participativo do Novo Plano Nacional de Cultura,Vitória - Espírito Santo (ES),Local em confirmação,0,Espírito Santo,Não informado,03/12/2024 09:00,"['https://brasilparticipativo.presidencia.gov.br/processes/planocultura/f/287/proposals/31254', 'https://brasilparticipativo.presidencia.gov.br/processes/planocultura/f/287/proposals/31255', 'https://brasilparticipativo.presidencia.gov.br/processes/planocultura/f/287/proposals/31256', 'https://brasilparticipativo.presidencia.gov.br/processes/planocultura/f/287/proposals/31258', 'https://brasilparticipativo.presidencia.gov.br/processes/planocultura/f/287/proposals/31260', 'https://brasilparticipativo.presidencia.gov.br/processes/planocultura/f/287/proposals/31263', 'https://brasilparticipativo.presidencia.gov.br/processes/planocultura/f/287/proposals/31265', 'https://brasilparticipativo.presidencia.gov.br/processes/planocultura/f/287/proposals/31266', 'https://brasilparticipativo.presidencia.gov.br/processes/planocultura/f/287/proposals/31267', 'https://brasilparticipativo.presidencia.gov.br/processes/planocultura/f/287/proposals/31268', 'https://brasilparticipativo.presidencia.gov.br/processes/planocultura/f/287/proposals/31269', 'https://brasilparticipativo.presidencia.gov.br/processes/planocultura/f/287/proposals/31270', 'https://brasilparticipativo.presidencia.gov.br/processes/planocultura/f/287/proposals/31261', 'https://brasilparticipativo.presidencia.gov.br/processes/planocultura/f/287/proposals/31257', 'https://brasilparticipativo.presidencia.gov.br/processes/planocultura/f/287/proposals/31264', 'https://brasilparticipativo.presidencia.gov.br/processes/planocultura/f/287/proposals/31259', 'https://brasilparticipativo.presidencia.gov.br/processes/planocultura/f/287/proposals/31427', 'https://brasilparticipativo.presidencia.gov.br/processes/planocultura/f/287/proposals/31426', 'https://brasilparticipativo.presidencia.gov.br/processes/planocultura/f/287/proposals/31428', 'https://brasilparticipativo.presidencia.gov.br/processes/planocultura/f/287/proposals/31429', 'https://brasilparticipativo.presidencia.gov.br/processes/planocultura/f/287/proposals/31430', 'https://brasilparticipativo.presidencia.gov.br/processes/planocultura/f/287/proposals/31253', 'https://brasilparticipativo.presidencia.gov.br/processes/planocultura/f/287/proposals/31262']",23
